True_Y;Predicted_Y
-4.387023805054524;-3.4536977
1.6356312971560873;1.5913239
1.2646317863784076;2.1601646
6.807386555180795;0.4923116
1.8892765844018455;1.6064768
1.798005201015151;1.6066332
-1.0590160590696989;0.6375252
7.741411604524757;0.37589258
-4.379147208770244;-4.9034233
-4.26376029022338;-0.89814425
-4.224792012218907;-4.854268
-4.590951835993594;-4.8730364
2.2216207813535918;1.2029619
5.140369790004739;2.9632215
-16.72084277470961;1.333861
-3.3894832918194484;-3.5605383
-6.747592310349748;-1.4456246
-0.14793323926802024;-0.37951517
2.970848063623267;4.763324
14.248876954244082;-1.4519616
12.880975499445782;0.34400272
1.5735320405234687;1.6950722
0.4148242390425544;0.6687679
14.803559326080526;-1.3200675
-3.5331122028120627;-4.102308
1.1240471705860517;1.1565771
-10.009230013295456;-4.1525226
-2.132801348882175;-2.6108031
-1.4573539833083924;-2.0118604
0.34296897043974633;0.66428566
-1.6596364924344695;-1.9577575
-6.446193470421745;1.3476405
0.13792918177525235;0.42958927
-9.470291701566822;-3.9661882
7.519481984940091;-0.43010753
-3.8049079485889608;-3.4811625
1.4470664490627818;1.726716
12.877571890830332;3.3644989
8.780066536974592;-2.343488
2.1290114811056893;1.7521572
7.091398746691319;0.80122554
1.5585535329057099;1.7082853
1.382240408522374;1.230216
0.3804397004106736;0.3570404
11.735885241426585;-0.79749036
5.971440805112472;4.407474
-4.384835762585806;-4.808408
-10.106532910007067;-0.6593775
-0.5547259309515173;-1.3719025
-16.137542068087892;1.663626
-0.5087847878654486;-0.6603861
-2.3891063418107126;-2.8412762
3.3102706555230146;2.0855312
-0.9350718434259425;2.5857518
-8.14556974355761;-0.71981865
0.8391524696145598;-0.939178
7.198157699304646;8.095099
0.5047202710178801;0.07397558
-0.40075980215563745;-0.92390203
-3.2785835851872425;-0.8438529
-4.545153970979275;-4.9219675
0.9267204859073908;1.9785967
-10.693319940470031;-4.4135656
-7.318637972955516;-3.7422807
7.7193820344261495;-0.2842756
11.047281724475045;0.06121929
0.08647405464915475;0.71954346
-5.405196879603056;-0.7815938
-1.7934634880531626;-2.0223875
1.1827391849146742;0.27339745
-1.658397817869936;-2.012288
5.09204214876921;0.53109884
0.14866899948270917;0.5359993
0.5771688366507186;0.5998688
23.212435908436117;9.069925
7.529332250265265;-0.42075557
0.19861548331700563;0.86655235
0.3228872959603609;0.42516422
1.1789462183028006;0.9191904
17.25478113547478;3.605826
1.675675845809805;1.762351
-1.591959494756741;-1.8569207
11.741963472162613;0.3756522
-3.9969731509467334;-4.6729517
7.984848442655863;8.032028
-4.656708289984777;-4.8304777
2.7574261896009467;-0.97290194
-0.40637122336866616;-0.8288832
-4.493764125114792;-4.4456053
-4.7448957188717715;-2.4655378
0.7797237912573849;0.9803276
-2.517011956603248;-0.8592021
4.938369930519098;3.589232
-0.4255112845420294;-0.57208157
-2.536398779824351;-3.1251707
12.833466289427635;-0.9273033
0.5548692552636085;0.11320163
0.7226028662946695;0.85194683
0.2775119069622111;0.3427801
1.779763242365907;1.6023912
14.451174359192498;-1.4194553
-4.5483511317837735;-3.9916964
-0.338871996828474;-1.143713
7.866880797279834;7.9019766
1.9438855111332376;1.9844751
-3.474286197717008;-3.7099733
0.41588547692979827;1.4347407
1.4030949162611093;1.7140226
1.194202306147764;0.91840935
1.0786356831455957;0.7354326
6.308286261107548;3.0107179
0.1347076634069471;0.49161816
0.6022491409485693;0.5756693
-11.667626273257786;2.8487663
1.8502492655253708;1.9931622
0.4887900857920452;-0.012884602
0.8391102388475327;0.5306864
-9.021689700861494;-4.0259423
-10.314858454897236;-0.4624709
7.417390981364577;0.60299945
8.229427083887053;0.030181035
3.310686768953295;4.684242
14.135969732799106;0.18154602
13.577039332019798;-1.562743
-1.874048070951147;1.7912722
1.5504931523969205;2.1837444
-4.488441419008581;-0.092432365
-3.517630324374963;-3.4206796
0.817413611656009;1.0120535
-4.676777453890268;-4.819706
3.1972939732188976;-0.17345808
0.5606899517369731;0.67727184
-9.410256422465533;-4.1109676
-4.598552434810832;-4.1796703
2.0276282315435106;4.1020603
3.4992837318935104;0.56185055
8.18757247174077;7.4017344
-0.6225186417229835;-0.37596226
7.9948893675724175;-0.29870477
-2.9269209402673746;-3.374959
1.6448552154832567;1.4491453
6.737417183720603;-0.06567977
-5.810972553066501;0.31804097
1.814363581820046;1.7318802
1.2903869638358696;0.87418365
7.817906056721653;0.16509913
-2.7482886650696963;-3.310452
7.434566731493348;-2.4254093
-4.084420711372484;-2.03443
0.25346684751593246;0.09397794
1.1918035028936491;1.0513077
-1.7453249316947;-1.4736199
3.1698658822216212;2.2758946
1.2996892694725835;1.3677254
1.1060306569506557;0.1809826
5.718136706029037;4.155405
-3.76329806760725;1.3842793
-4.0610043567844025;-4.1751842
-6.946671480995233;-3.794247
1.7318015913497982;2.0274549
-3.834700421039996;0.87055445
8.557009569530747;0.08800988
-10.041653856382073;-0.42623103
7.2076186112619895;8.27868
-1.6919015810538274;-0.87092274
-2.710436445886674;-3.9700491
8.089577529562487;-0.42305124
2.40924064680493;1.4609472
1.7360777112699641;1.5007725
7.41872842318699;6.0089335
4.721658742679427;5.8369675
7.868088829776726;8.18009
0.5685552056558766;0.75290775
-0.9284977922217509;-1.2831216
0.7864410786640439;0.5452957
7.475947694377274;-0.49761868
-0.4910297141582154;0.315135
13.368747921150877;0.31269002
0.9606830342159098;1.2914543
23.564685371147938;3.4816954
-0.11188818427408512;2.4414234
6.875340660185203;7.6017942
-9.996469799291939;-4.3209543
-5.265464275391799;-4.009933
1.4631877297308356;1.7205706
5.678388219873515;1.1674795
-5.026177224935577;-4.186287
0.417354753518707;0.72488594
7.086500927179228;7.886775
7.749622447493799;-0.48327243
-4.297759251955265;-4.505393
6.094359093825142;-0.91594636
1.62188397626759;1.6761665
-1.2590208472703928;-3.2173119
1.2315108757778461;1.7115259
-2.3841035039945506;-3.0033293
4.883629536526899;6.1651087
1.7021332041352721;1.5947447
0.3871874930191091;0.5447874
-9.960205903778933;-4.2096515
-1.4743408174269956;-1.8811789
-3.63463765652534;0.2059366
-10.646616951553636;-0.59980255
-9.291046228194224;-0.66700596
12.905923611843281;-1.8190366
0.4483672126586216;3.037737
-4.874845116302143;-2.3776774
-4.878661984592564;-2.4397683
-5.08487035493052;-2.3770576
28.908619043554587;6.030864
-3.474410914007647;0.8204284
-10.835265798713142;-0.479145
-1.3124789719739711;-0.8909877
1.7581147776234003;2.1047351
-0.12347841787256512;-0.13811968
7.700488284062078;0.49991632
7.465201647694334;6.952293
1.7380581389248182;1.5814018
-5.0559036304662355;-4.9325266
1.2414606096371987;0.8095083
-21.53474391466832;2.4865365
-3.1931181591904894;2.5651863
3.947653619701205;1.5827497
-6.4400281721119415;0.3633033
-4.774791644154543;-4.909603
-10.867253459726252;-0.5862479
0.398463021360016;0.6404362
-10.56617231218458;-4.4582434
5.755753277442198;4.1990757
3.9973463838841683;1.6824865
6.05810305897409;4.90272
1.383124931589297;1.6360006
0.17408047545052738;0.41794968
2.2772888434665415;0.6177821
10.996215635332765;2.0703547
0.8465752939573485;2.3392751
20.46647399602442;3.9308453
1.6186003492513241;1.7349024
2.344440563181732;1.165174
7.168213944011976;-0.86101556
7.79137484463357;7.642044
0.9849598635556961;1.2168245
-4.939517766346822;-3.0533757
5.705135542291037;-0.9786956
-6.6051981455013475;-3.698935
-1.0429404765368335;-0.8115635
-4.735966164390972;-4.9147463
1.3860478573777903;0.7096553
-16.352483531170897;1.1175525
-3.6596961917613355;-3.7421176
0.6345870280589033;-3.056794
2.486705198505199;-0.9676774
14.168657001616337;2.0172381
-7.974556665572077;-0.7163489
7.8419879565568955;-0.44414937
-5.164403132126019;-4.9306
1.8011186130022616;-0.16966356
5.170107629892636;3.8483124
-4.48390271123201;-4.39635
7.6847762260025645;0.27041793
1.60282815849484;3.6678371
0.35657143339182323;0.6522894
27.378835791675364;14.092414
-7.759666009745758;-2.1345103
1.5099007148649677;1.433219
-1.5274436980074948;-3.195643
-9.467027745416653;0.77502394
13.837769972852087;-1.2629051
-4.4087326685284465;-4.3764553
1.633144934374415;1.3749847
14.196353139965119;0.2810006
14.190710860440317;-1.2022767
-9.684654773336232;-0.4157349
-0.08446924713218965;0.3194685
-3.37045373058239;0.455889
-4.55925042896621;-4.3921413
2.513552717611793;1.7558012
-1.5466008349403189;-2.033225
0.5062346121722421;0.68864536
-2.6088457717950697;-2.850625
1.0692189018511846;1.1894674
2.150649005454937;1.9439654
-2.1922528250845974;0.655111
-2.0290204880324128;-3.3012872
12.855916408559489;2.0437548
11.743040103889314;3.298913
0.964862405676525;1.8195553
-2.138689471767079;1.8783851
0.5839732325435256;0.44964504
-0.9955786231987612;-0.89423466
1.9325159276648456;1.8839693
-4.0658302531557835;-4.8853626
-2.239997730582012;-2.5830102
7.05580829438498;-0.8215165
-1.4590771220154855;-1.8534327
4.141135322294264;3.0664253
4.015906876432818;-1.0008191
0.12355197146697693;-0.17894314
7.904202652014113;-0.28917035
0.17900795379000217;2.392384
7.31409340457204;8.376193
-3.2307520992553376;-3.6287856
6.884461500598937;0.670969
-1.316359968378887;2.5974097
0.2043232082461866;0.46487045
0.8122450093221847;1.2377586
2.675351375027132;-0.14186928
-2.1279962175282168;-2.471218
-3.645120061603861;-0.62797236
1.96205221432413;1.9224539
1.781665918835261;1.7842951
-10.742103889392595;-0.5636715
8.019065624085593;-0.47190076
7.983110728257983;-0.29859546
6.128790545025343;-0.06997986
-0.3497583908677211;0.32609558
3.1652260017002;1.6472288
0.029173699872415748;0.037051216
-0.5067085982866978;-0.66284657
1.1984093957245114;1.4582777
0.8170787098969485;0.9793873
-1.7787479573026792;2.2504385
7.724257985831342;8.228868
18.472946866715127;1.9439783
-5.9513321926891;-1.032734
-5.593288814411804;-3.5516977
-9.9336917250134;-0.4273448
7.857871611242165;0.020941213
-0.6248814746070785;2.46058
0.18167380382104267;2.4082708
0.4741861306021138;0.4236288
4.286417213989455;5.3880167
0.4571261276938886;0.7477436
3.624742579678676;2.1002412
-3.0821556488100494;-0.84479904
1.3620685762472957;1.739747
7.4161245945193315;8.376115
-0.32279073939991093;-0.35230064
-3.563496778077962;-3.9729319
-3.342210288418659;-3.5104237
7.71923119603402;8.309806
1.5795706468656174;1.1747036
1.694022425539633;1.1537437
-4.392531545063797;-4.7976856
-4.425507338894723;-4.908079
1.2528837999434281;1.3711863
12.86785979420845;-1.0727382
14.327427464356525;-1.5032582
5.223312099170987;4.343102
1.7368331402435577;1.830967
-0.24995391724921429;-0.28310108
11.497835517358602;0.36909246
6.5955647058254545;-0.92943317
1.8264782799538177;1.96169
-0.13700905394629048;0.4558916
-6.442285438088346;-0.8208738
-0.12979515899355348;0.4534912
0.8456868628724656;0.76091194
-0.7195606525149434;-0.62062836
7.6139921963159;8.411201
-4.608586612286925;-2.1634037
5.867201165023849;0.51740617
0.9989616336419158;1.1266012
-3.3765832184926525;-3.629199
4.3591408581404485;1.5246081
-3.1157859859279586;-3.493369
1.7481152413777876;1.5063429
-0.2641654054098695;0.31457615
0.6764462263647737;0.98720837
7.405415190301983;6.9614453
0.007591352188889754;0.33089733
-4.289232178912051;-3.3961267
13.095312566347921;0.30651176
-2.087414047749431;-0.8798565
9.987319170862412;2.092876
7.486007390423445;6.680632
5.429400543015362;-0.9927978
2.0825274179490956;1.7296991
1.854497583620821;2.1821527
8.41976825524644;8.028076
7.391732972997033;8.081233
-1.8560926733431704;-2.0749812
15.158508132588834;4.785069
-4.677149624035471;-4.5283375
7.553603235532389;6.27322
1.590365549119359;1.5658617
-0.540686009272825;-1.3049278
-1.1775973152775452;1.4099815
-0.7448150618490319;-0.8985468
-3.063201970527126;-3.050777
3.9698245694619265;5.320716
-5.0176902364803695;-3.6686707
8.445558219026278;-2.4277766
-9.29606777323752;1.2875686
-8.33675444425229;-0.37833887
-4.635353828142331;-4.900999
-17.34967958311359;1.2319361
10.894394148552577;0.05509983
1.4034385399983247;1.2138567
-2.513002113079066;-0.24421261
-4.046947439111262;0.20510758
-1.549685498654916;-2.0758767
0.3584596251601017;0.34218407
0.4283733693958215;0.42871475
-4.101331424637664;-4.576149
-0.5674803947322205;2.4752817
-10.562888233541987;-4.248307
1.8588389281017004;1.6607847
1.0256821134493948;1.2748289
-4.747025647737013;-2.4073195
5.663896720877086;1.203192
-10.72756834649085;-4.3212156
5.6388708607741425;-0.3166101
3.3179128130455458;-0.14183803
-0.7930544769182987;-0.964046
7.259085917398159;5.7580233
3.044680946427303;0.5649982
1.1395777395666895;1.2168093
-7.779690305433361;-0.37866682
0.5743693177898314;0.6686983
20.409218631319543;1.8658445
-16.573763208406564;1.0920781
1.4010756372478412;1.4671249
-3.0386631831352466;-0.85269314
0.782071510841306;2.1947825
11.728823514069017;0.09324746
-1.5308323676477449;1.463249
3.4134242947980735;1.5858743
-9.767790082752505;-0.65638536
-16.839416960250222;1.6264248
-7.831891028801941;-3.8795128
20.629032267951924;4.052718
1.423959643570128;1.2027626
5.4109850416206715;1.114461
9.447804230063486;0.43888038
0.5849045150322637;0.7305317
-8.975168401138527;0.76521397
13.510786820775824;-1.7932594
-16.378124037789572;1.1475791
0.5133933668178738;0.63182163
-2.2725962313528685;-2.952252
0.45704255401938537;0.52107716
20.065032637677167;4.2967405
0.30414990527872243;0.8481741
6.124278674228632;-2.5948486
2.495696158566837;1.8310657
-1.9940870558121306;-2.2302046
0.42006342235085636;2.9188955
-4.307325448419347;-4.737406
-9.735378081980828;-4.0139766
0.46029336323046105;0.6685209
-0.6957468543106149;-0.8885787
-4.0592084453607;0.19973321
-3.9911219441389973;-3.1100552
-4.2359210068748245;-4.435318
7.378360635344231;7.651171
1.165029313645164;1.1004915
-8.169764847463743;-2.7587457
-3.373542164392752;-3.835074
-6.4385804858862254;-3.7245684
14.020955097985404;1.62871
-0.2454989130946113;0.36270428
4.519898408021508;3.4827943
1.5474934163884808;1.6781015
0.8385082479434904;1.1804676
1.9504122519798655;1.7480497
-0.36528869890251026;2.5635223
7.400759399687773;0.5213275
-4.759159307245833;-4.4302864
-2.752709558378045;-3.088634
1.4074400402430702;1.0732985
-19.894290747938733;6.3250117
7.957543781514335;-0.4802971
12.200763230586976;0.0887057
-11.348090954880309;0.80747783
1.70405823741368;1.4664507
-2.889143450446447;1.1649771
0.21639308138358695;-0.29299164
-18.33354957673413;4.3551507
-11.103427984464158;-0.5158853
1.4418825649315181;1.4232264
-1.3564917873212092;2.0131493
-5.088350383344614;0.30906892
1.699768104764573;1.7500334
7.314063737234847;6.1352553
14.450518439093141;-1.3465053
0.7482233004282338;0.35061502
-11.168801916212034;-4.515314
-15.948636471755625;0.91648257
5.4176920469494005;-1.0128142
-0.15920787443193202;0.40326023
12.438235436462833;0.38095105
0.37135582667723993;0.76349163
6.305021402542733;7.4345417
7.451785896609307;0.4925558
-3.5997105863270065;-1.1104645
-7.80467127435952;-2.87155
2.161590581833478;1.989214
5.735040064626863;6.643014
13.35012237149648;-1.7646608
1.7365242473370468;-0.95001554
4.458839366276226;1.4921225
13.580040032030698;-1.5975444
-3.4236591449535454;0.33878124
1.389407105148982;0.566885
-4.945880969967739;-4.9221935
-1.873754363126785;-2.4295459
6.392702917017924;7.304508
0.25282678604752334;0.44055557
7.905461901655534;8.322433
0.8021893412181501;0.677722
0.18380558431400618;0.6044903
1.4174050233551672;1.5613661
2.544733345359888;4.7900343
-2.8679729497168998;-3.0553975
7.179848876333597;0.5523361
-4.3361472946941415;-3.265264
-3.169883018443253;0.69601315
0.5249943946824902;1.0079918
7.639688249846406;0.61099744
-13.554425884232597;0.8536737
-3.906034966517927;-0.8516002
2.1608765049657883;1.2111764
-3.4014662595851446;0.8026825
7.334642033734191;6.477867
-12.630044959283108;2.0255635
-8.182547831261655;0.49155378
0.6853815554620938;0.43715572
1.1983888853341915;0.87722206
3.031941127381443;4.978378
0.6971975784203304;2.281423
-13.620072714864781;0.78546524
0.502513135581818;0.68602085
-5.37938413515674;-3.5853207
1.379057926499129;0.6303134
-0.2620657975178532;0.4319105
6.448737202202541;7.4763803
-2.6488211273225177;-2.819992
-6.345568471567631;-0.7754545
-3.6993893156151416;-3.0511885
7.313824991210122;-0.6214662
-10.25582567506271;-4.291856
-3.916752945416789;-1.6401548
13.72302859220132;0.28176427
-10.175395596999492;7.7931385
8.056974768168278;7.7554765
-3.1290516723710704;1.1962992
1.9102394207076452;1.9166136
-1.7725795219334544;-2.4204106
-1.0871570896341758;-1.8423209
0.6294885794010433;0.8616104
1.495517144754345;1.8864336
-9.327231964476006;-0.40512437
1.183006446585976;0.97775173
-0.8521692408560473;-1.1549821
-3.3039274565338377;-3.802598
-4.536820266533766;-4.919178
-4.246953987255452;-4.2273827
-2.3898565226940107;-3.376005
-3.7706766001281826;-3.9983292
0.6932070603684743;0.25431824
19.385290165315833;1.9020298
4.9743037618031964;-0.990229
-0.12068259149292698;-0.514699
-6.100814440122693;-0.32831043
-3.3778237345784583;-3.7204256
20.385759530841312;4.04314
-5.994740896793335;-1.1583966
-3.1096414434895947;2.5956924
-1.441443462403777;-1.4997654
0.2720115955979338;0.32255173
-14.971261927386463;0.88881636
-0.3282237852830197;-0.7611394
1.3759714036853277;1.7686548
7.6437277116814855;-0.52996576
-2.6621808560528293;5.5397043
1.1815884559309118;1.3106413
7.976810783400829;0.32563388
11.562070840662825;-0.79693437
-10.581610998930087;-0.4603315
-0.7555245431085666;-1.1872478
-3.175037714833193;-3.8763285
-0.02240854050755181;2.3533518
-14.881923182136006;2.379352
1.8917257545324566;1.7270575
1.7286111841387117;1.0931482
-4.5083097193257196;-4.779745
6.683743508397572;7.802889
7.230708045849688;-0.54350555
6.535565221347742;7.631319
0.14791684965098384;0.7050724
-5.643143779902077;-4.9193773
-4.644486775399892;-4.079202
-0.37543800906709685;-1.0127149
-9.152139639099563;-0.7043705
-5.024409722129039;-4.7781153
1.342187959613307;1.1920309
-2.856860475145403;0.62261695
-4.2763746181724525;-4.4611216
-2.44555033747998;-2.6765184
7.211582708012364;0.5289325
2.272754306145431;3.9434295
5.597041273569075;-0.9869665
11.093786383279888;0.059662864
-3.607485891134682;-3.982572
-1.815723744513289;1.4115264
7.722610585909948;7.000102
-1.000420044239716;-3.2288005
-15.440261499784501;1.7992606
10.094735144556806;0.42256433
1.5976833683822136;2.0602088
-0.17565765080427875;0.63200665
1.2036222240618049;0.47240448
-10.901940532385199;-4.316307
-15.341810161382202;2.8061273
2.200323709612342;1.3607244
1.0615394043116686;1.1372099
5.779531879910761;0.99134266
-4.91505942246324;-4.0413566
2.1021013634433023;1.5098839
7.928543098761142;7.5889807
-5.146154553107829;-4.2192807
-0.27579172140420444;1.4244533
10.236033868817435;0.033254012
-2.9754725048838093;0.67364264
-4.38505593239986;-4.7704773
-4.6271848074208775;-0.03585969
1.5810876368525402;1.3896646
0.31505980012859885;0.5123186
-10.670334337025224;-0.5742065
-15.729125422505104;1.0531393
5.877514246147067;0.50916547
1.3869459606516357;1.9275932
-3.5466943959205133;-4.114627
-6.591636095999722;-1.4018142
-12.450534094158705;0.7278249
7.36488622914714;-0.43921375
0.6177497086065821;0.7227125
4.838283707850078;-2.7486215
4.536529617257056;-2.694378
-0.7132365257437802;-0.86329556
-13.45841486077515;0.8696488
1.3233833786604967;1.3647566
9.546799082541423;-0.5845176
1.2344366822665622;1.4974337
1.22648100394195;1.1266937
25.96898309467077;9.693301
0.5762404026991909;0.625371
2.063852399092083;1.6382093
5.148491281456289;1.433857
-6.339418950363731;1.3380544
-10.759538560666222;-0.49982506
1.234435288555576;1.2146511
-11.144353554881924;-4.4127774
14.650019791018062;3.119599
0.24192192371812932;0.55949116
0.06987812809454519;0.31640244
0.45291830572618447;0.4802389
1.5146733252735447;1.7541876
1.773906210797986;1.6942244
-2.586507795674584;-3.1638417
-4.013537046183551;-4.038795
-0.5311866196989502;0.5213537
-4.261177789850901;-4.126888
5.722268088615755;4.0863514
0.9238194156270126;1.097517
1.122657899323496;1.410552
9.164951466320543;0.4431088
26.26540729610631;9.322251
-10.715696293595458;-0.58037496
-1.3840937805470381;-0.2234916
19.612965086682877;4.3481917
-1.081950741528465;-1.142621
-2.289935165838391;-2.2994728
14.53264232669767;-1.5027502
7.659127465073749;7.199838
-10.673264063759719;-4.3960323
-16.547510014771813;1.0843446
0.9352086072628869;-0.9298359
1.7603960049545921;-0.15766095
5.921402860711418;1.0526375
-10.810235914123963;-4.2956533
-4.789229767530372;-4.5535555
-4.716179960633834;-3.7819445
-4.487971709528875;-3.467552
5.697831020364604;1.1824815
1.4781492797618183;1.5484037
-2.076468125472589;-2.4364986
5.314145138659492;1.212997
-4.3596411607357775;-4.398408
-1.4525406304686832;-1.8809271
-9.725708571170465;-0.42454404
-10.364891434657974;-4.5122957
-1.1645545772818169;2.5465188
-2.0079177279582963;2.140174
0.724416454932259;0.06228067
-0.6896707037764935;-0.7316303
-0.8940228718640267;-3.1603456
1.8494170815607132;-0.9545833
1.8317907562925586;1.9769201
-4.444440099738267;-4.59027
-9.031457386187896;-0.6780182
5.044075512176736;3.6948948
14.398077101477474;-1.4926848
2.3208763730113846;-0.1218525
-1.413113697722633;2.6363308
3.2195463870669103;-2.849641
-16.346053048293907;1.0907015
19.144617856601535;4.4220567
-16.426425504018024;0.94055843
2.142713430078299;1.7159958
0.760086541438115;0.9440088
-4.68758729078386;-4.0885553
-2.743794982446879;-3.5402577
-0.02228128509595806;0.5446205
-11.052445049192183;-0.55327445
1.1385879895744377;1.1984682
1.5567164432700968;1.564784
-1.5129318125010924;-1.986659
0.1763901854724719;0.63901234
0.34948481284368776;-0.19343947
-16.912129362548274;1.2062788
10.910830934638504;-2.1315238
6.967203096684357;0.7300029
1.4118121142078766;1.7073822
2.099444228516058;1.9749975
-0.12700016925541743;0.32257366
-0.8977778219094558;-1.51436
-4.069105791913515;-4.220895
8.314929640146788;7.2240453
1.7460908670253525;1.750473
-3.541732262724684;0.6463639
-3.304953724489322;-3.855073
-16.575112724140673;1.1406703
-7.604731669133696;-0.72418344
-5.2104318646131835;-4.1982245
1.0897723536651849;0.94724464
-4.166407130234598;-0.82795656
-13.230881693139567;0.8604808
-6.167197164281843;-0.75748634
-7.885892944080277;2.3369024
2.8590137521641164;-2.8586745
-0.1976232740423824;-0.7868748
0.41586805400431837;0.33306122
-4.907006624107753;-2.2472742
6.0754612838307525;4.6851416
2.0785284285365258;1.7354145
7.366436948676566;6.087639
-0.9656934605160858;-1.4607081
14.331926502252754;-1.5117644
0.9548045463982863;3.8816662
11.201911682054108;-2.0944374
-3.3949563953539545;0.79817677
-9.994316551842216;-0.66737443
-0.5032025311068336;2.3683546
24.860862024467707;3.2653801
-4.854659346282443;-3.605962
2.0634785712421606;1.7322168
6.882257000971026;7.559721
5.011754831115811;1.3724279
-2.4021786991377825;-3.0949287
1.3684727767796536;1.2922373
11.573608549625376;3.0868115
0.306654715496694;0.9340944
-10.175254111864172;-0.44764984
4.532832826119509;3.6410513
0.7712197526785437;0.5320082
-16.154292818726965;1.13102
-0.0477688792792147;-0.6780286
-11.854497391047987;1.2359238
5.062162447247902;1.261021
-2.9334722994900506;-3.554288
0.07173782592081501;2.357983
-2.822833847518664;-0.85050535
-0.6271647749572778;2.4859974
-0.3062521129924176;-0.0042509884
5.8882794029011025;4.7507195
1.518962934709645;1.4807339
0.3754826442727258;0.7353506
-0.6818567260519797;2.4977205
1.3174656102688678;1.7196102
9.433179660555775;-2.267621
-2.7836319668374228;-2.7944808
-0.8490562441409115;2.5954857
-3.518128443149626;0.1454946
-11.055109307369362;-0.60501903
7.283804729402901;-0.5957058
-4.784102289979365;-4.41642
0.5486609577618674;0.7075052
-12.625596330636844;0.78062797
-4.491964944964782;-4.289437
1.8510506468040655;1.7325697
1.0737257278071408;0.65476227
2.751862073819372;-2.8886528
-10.56211997120142;-4.512182
-9.64340033452717;-0.6684973
0.05669662998549904;0.5532589
3.2171112316250277;1.6539992
0.4019276529956906;0.33611393
0.093635413430076;0.3380804
0.9637571526482569;-0.9243021
-4.669257652238516;-4.705529
0.5755565048452717;0.96932316
-5.0583085830675865;-4.8449965
-4.595898803457781;-4.265895
-0.32111616534089366;0.0753832
1.8477809006399564;1.539608
-4.621375311488586;-4.921238
-0.5849798403330242;-0.19849572
4.389341787735188;5.541566
1.6414794297453854;1.9813938
-4.136802256833444;-4.3702097
14.160396227662694;0.2957449
2.0834335748402126;1.7516499
-8.122495959399112;-0.7178182
10.916469195572006;-0.73660743
0.5664838973482126;0.7407589
4.269885095163503;-1.0105315
0.5398686551768128;0.81406116
-10.338278920476181;-0.6401741
-4.673414638370519;-4.6873245
14.103079617692185;0.19848354
-19.385051546025256;2.4481153
-1.8923370201228293;-1.9557467
-4.257699633039132;-4.485218
13.5378684368766;0.31230354
-1.7115450147782214;0.63845396
-4.1240103135725485;-4.587474
-3.6956649967578152;-3.982216
0.9020701042321186;0.91887474
10.558668854990275;-2.1711068
2.238081524776258;4.1468587
-5.520893169658183;-0.918748
7.645495016695744;6.7029505
-0.06582478388146089;0.5305624
1.7876993410633297;1.3344212
2.7821922916450963;0.56331396
-5.260078924756888;-0.56727266
-4.009674897547125;-0.8243274
1.7401867483065152;1.8249979
0.19624904859888925;0.6005058
2.4615477492118414;1.7540172
-11.091956858747086;-4.3323455
-2.3841528678955983;-2.8847055
1.7051733386972159;1.6888762
-5.12243721387945;-3.6448157
1.0948642557351547;0.26779842
-13.710141192658838;2.8294044
0.8907924312514293;-0.11877583
-4.261589860476307;-4.4200277
-0.5163864587650782;-0.87188435
-3.1651459047673263;-3.7773442
0.2191376807027416;-0.13752364
-7.165569257089186;-0.35633576
14.472507790353536;0.22732024
-3.308562068965312;-3.2655292
7.840362745748497;8.283786
-4.789162162236781;-4.2202654
-3.7215951997553507;-3.8801088
0.3699826069553627;2.3514957
1.77941281701601;1.7522211
8.17258916974792;-0.4755119
3.8098610786754805;0.5555723
-14.488620929894152;1.1941845
-0.5565283277467545;-1.3963261
-3.0998406568231798;-2.9471169
1.107839283858065;0.3412609
-0.33620112753783776;-1.0414071
1.633038630357156;1.9976554
18.969008265801964;1.7410237
1.402953173299591;1.9796515
7.852175310027702;7.7920856
12.892800571960466;-1.8015496
6.485487979631853;4.929232
0.5008361101925889;0.52313423
-13.682805437409833;1.1908602
-4.798129741602457;-4.682602
1.6953778885290856;1.5115108
-0.4781813832323809;0.44353008
-7.736800319550465;-0.3577674
3.73009555585437;3.0049262
-3.907838707216845;-4.42268
-5.183856811182606;-4.907686
-9.057754286240835;-0.6891576
3.4729198472119807;1.6481491
-6.808322970289128;1.3315661
-2.7506649813335686;1.6131836
-1.4398742835502805;-1.8140326
-2.314552385757467;2.0069351
-11.045031116871225;-0.54086334
7.868904508574304;-0.4000823
-4.745006744111832;-2.8818421
-10.226156162751025;-0.6374297
-8.995842011103884;-0.40164667
13.11253562623145;0.128211
1.2026559937988082;2.144875
1.5851287724664282;2.0134296
1.9388556699242985;1.5228109
-5.629594362138248;-0.3161447
7.677800818478197;8.202864
-1.7026255273391544;-2.3169951
-2.8992072177186134;-3.1748972
0.43343071145438705;0.33669853
2.877742459338647;-0.13983501
1.7692808426904474;1.7426014
0.34228374283062124;0.42455864
11.202079427552201;-2.00783
6.560026914150461;0.6862058
0.7444046337666366;2.1931639
7.635147480371768;2.1174312
0.7160154763368529;0.12419321
2.452106714949642;1.5902805
1.6961923010870392;1.0715837
-0.899074469558247;0.63297796
0.23646611733610368;0.9224863
0.7975658718906246;0.49346542
-1.469171351240564;2.6194904
1.5990657312903311;1.7351542
-4.378136323277138;-4.5037746
1.6678541816892434;1.7475624
-10.97130804573312;-0.6214448
-7.422071519512079;-2.2591586
0.9694137029723142;1.3960867
4.677847516019803;3.500873
-6.281522707222313;-0.34248072
6.7051216445129835;-0.41113544
-4.333903281981861;-3.6685534
-2.3097284782718317;-2.6729083
1.1552964041778369;0.6021449
0.9893317125152523;0.6843271
-4.076242752843935;-3.7861114
-0.5653801934603532;1.4223093
13.497213283813387;-1.0734849
0.036136697995118906;5.433053
-3.394078993677357;-4.3787107
-5.23494224928922;-4.828618
-7.160608246186049;-1.949681
5.223616952767833;1.2519706
1.9030189852430874;1.1728449
-3.350101374922289;-3.4980764
3.0943453637492566;-2.8509648
5.504395534471846;-0.99309117
1.4922223061802369;2.1225505
0.7271340146266;0.9813967
-6.7176844445363235;1.3313634
-10.35032720338724;-4.3034115
6.785861840381298;-0.3909067
4.100450250724329;3.00498
0.5385005843178026;0.5805464
1.5674229154203385;1.180399
1.0754393593835636;1.5398397
-0.9238724728064609;-1.6751552
-0.909432812247394;-3.1558323
13.594634461304041;0.28743988
0.42279312344417863;0.7916403
-10.585308224521622;-0.52112186
-1.6064733096329107;-1.339808
-3.578369987955835;-4.417384
-2.8318684562826903;0.75213337
-4.286741817815123;-4.414379
0.9061262918116817;2.230295
8.901286565420236;-0.008791998
1.9706621774117525;1.7515945
5.313374638653057;1.2422817
0.8681284140073064;0.8531933
13.929082713777898;0.27801156
3.0686623793128227;2.0530372
-13.457783092613209;1.2069372
0.098493972891323;0.55577564
14.440216243823663;-1.2561913
1.405710470763244;1.3502483
2.5451324633274433;2.338904
7.3526589782474066;-0.69353807
1.62908088051679;0.6721802
-4.328126407438027;-4.498785
0.7495215738421384;2.757872
-4.105008311131379;-4.6215115
-18.61110741627934;7.379964
-2.301866684579767;0.114066616
7.490177923202132;0.47874057
7.566441073506427;0.106829986
-4.2303295847860545;-4.2121754
-2.5333218984450534;1.3385735
0.4778166996053481;0.5914898
0.28723506169435487;0.38276863
-9.483801369477378;-4.1000376
9.600250560673627;0.44157124
5.472594780841463;-1.0036265
1.5814221855892283;1.7481089
0.20099388976132596;0.33415222
2.055679881808428;1.7291098
20.64354398674961;4.0743704
1.8912598875281317;1.4839411
3.699244415448731;2.3961163
-5.47901949975556;-0.7656398
1.2334990862753266;0.9345684
-13.779334867231428;1.1987416
0.5359537500948024;2.2535653
-3.137892161411972;-3.2504363
-3.2521214711008057;0.9233253
